variant,years,total_return_pct,cagr_pct,vol_pct,sharpe,max_dd_pct,calmar,avg_turnover_pct,annual_turnover_pct,rebalances_per_year,avg_hold_months,total_costs,cost_drag_pct_yr,final_equity
real,14.992470910335387,4569.273322742185,29.222807395888385,19.726602053528556,1.4223616077031138,-37.38189211541999,0.7817369785793696,42.7094433979648,515.6194266618521,12.072726442658876,2.3272978827986845,1972920.5425781487,0.941794130793252,46692733.22742186
benchmark,14.992470910335387,958.6431572944618,17.044483009010627,16.27280280639181,1.0662198342774574,-37.765087933526274,0.45132909630747187,0.6909828425923885,8.342046835188725,12.072726442658876,143.84958796180769,4431.607055376181,0.028056545913756708,10586431.572944619
bottom_decile,14.992470910335387,462.24424066003814,12.207040561408444,17.586754300577493,0.7547223607497638,-41.78954852220842,0.29210750039381733,100.8845854302758,1217.9520021807691,12.072726442658876,0.9852605011128306,933221.3133996105,2.4275984613815322,5622442.406600381
random_seed_0,14.992470910335387,1058.1880703575528,17.74818472943933,17.18859017475082,1.0538602997495425,-36.020759479028264,0.49272100272545744,155.35595511718344,1875.5699473677464,12.072726442658876,0.6398055170824902,2369059.686424475,3.5153194915657013,11581880.70357553
random_seed_1,14.992470910335387,780.1340900287505,15.611635719709337,16.72342281855605,0.9667505739198261,-36.560104554811005,0.4270128849414075,152.7702733104427,1844.3537182472048,12.072726442658876,0.6506344136310408,1944580.039712501,3.5075146903237417,8801340.900287505
random_seed_2,14.992470910335387,512.309787832644,12.847279622545372,16.619324616517357,0.8236476303813276,-39.261184437814734,0.3272259817554411,154.168269203993,1861.2313402379982,12.072726442658876,0.6447344690889174,1561100.1416735763,3.6429166601103375,6123097.87832644
random_seed_3,14.992470910335387,645.1150787437574,14.334533735003196,16.8223332877955,0.8950041067925838,-42.471464455826066,0.3375097590503932,153.09443328520302,1848.2672129461455,12.072726442658876,0.649256769581058,2036981.4325624227,3.4980407328777914,7451150.787437574
random_seed_4,14.992470910335387,1017.3595834674624,17.466660831655535,16.60031006552223,1.0702630364052645,-34.210856622843686,0.510559002489066,153.13864182730634,1848.800930581388,12.072726442658876,0.6490693401060973,2197219.3953253836,3.5107118217323734,11173595.834674623
random_seed_5,14.992470910335387,513.6341824871292,12.863543576469837,16.893721728395334,0.8138347175851472,-42.6867454475564,0.3013474895216265,152.14990306951535,1836.8641580353228,12.072726442658876,0.6532872856986326,1530014.1551287088,3.58871577098067,6136341.824871292
random_seed_6,14.992470910335387,607.0918028139553,13.935787946889345,16.389402139412653,0.8924869174788896,-39.595115763600994,0.351957247204218,152.89306445235408,1845.836142113083,12.072726442658876,0.6501118775506581,1644039.771860457,3.602460262067021,7070918.028139553
random_seed_7,14.992470910335387,758.846414360341,15.422984777359773,16.97198802708526,0.9453684102187055,-43.463832673006166,0.3548464051339503,151.80264716002097,1832.6718324344004,12.072726442658876,0.6547817120133282,1896022.8163965782,3.4815757964765033,8588464.14360341
random_seed_8,14.992470910335387,657.5818395751302,14.461143368497819,16.948689184834457,0.8962810579947277,-36.78980938793337,0.3930747021820914,152.4008411564279,1839.8936649126622,12.072726442658876,0.6522116048793302,1699792.3242486985,3.5666919436198747,7575818.395751302
random_seed_9,14.992470910335387,913.7908991026324,16.706999721601434,16.934429256848535,1.0135422217699772,-37.98580689830599,0.43982216216516645,151.13860072846356,1824.6549815209842,12.072726442658876,0.6576585777327129,2059143.038973681,3.4874783750635228,10137908.991026323
random_seed_10,14.992470910335387,875.409161901708,16.40694886276306,16.771379577577388,1.0061318005283748,-35.69564471256742,0.45963447347364034,152.05319310065124,1835.6966050369483,12.072726442658876,0.6537027941912258,2151792.660982931,3.4780422512143074,9754091.61901708
random_seed_11,14.992470910335387,738.2062268677898,15.235857741753932,16.48879594833033,0.9579913002978523,-34.792522001683324,0.4379061035304309,152.36093874266217,1839.4119339868666,12.072726442658876,0.6523824151771367,2115802.831322103,3.4579403728535114,8382062.2686779
random_seed_12,14.992470910335387,751.6849348502168,15.358537872971723,16.96631495954573,0.9423406213124602,-36.17548032009129,0.4245565708340252,151.67193236263336,1831.0937484435321,12.072726442658876,0.6553460198419797,2108805.3114978364,3.439244976135728,8516849.348502168
random_seed_13,14.992470910335387,1063.6249309307009,17.784972255743583,16.86114695413654,1.0726837281443657,-34.76897795963785,0.511518408058746,152.23667024817433,1837.9116744474738,12.072726442658876,0.6529149450888343,2259576.400692984,3.4684610757566605,11636249.309307009
random_seed_14,14.992470910335387,699.2855218299974,14.87098674743146,16.8213685663298,0.9232552416060307,-32.08865978514477,0.4634343362110711,151.43382261719498,1828.2191146235234,12.072726442658876,0.6563764651629902,1925558.0817000272,3.4720370907324614,7992855.218299973
random_seed_15,14.992470910335387,988.6644200732782,17.26299526830244,16.764633569249114,1.0508921134787468,-31.288862361972203,0.5517297199428863,151.6801634461704,1831.1931200634017,12.072726442658876,0.6553104568012205,1995647.369267206,3.492925711209423,10886644.200732782
random_seed_16,14.992470910335387,708.6614416599979,14.960375554609362,16.98697051150259,0.9207089051367632,-36.98244072506868,0.4045264525893884,153.578297070666,1854.1087680635496,12.072726442658876,0.6472112211913503,1883096.4534000228,3.514549761909337,8086614.416599979
random_seed_17,14.992470910335387,569.2873789820053,13.518980833567507,16.521873820133194,0.8640259606817853,-34.65982429235097,0.3900475870718996,150.53942770725067,1817.4213295440595,12.072726442658876,0.6602761728899961,1733360.2001799387,3.5243990235309495,6692873.789820054
random_seed_18,14.992470910335387,696.3104008017937,14.84241772735404,16.83681610018821,0.9211304819577794,-39.71656075257373,0.37370853483057986,154.64944370689287,1867.0404283826908,12.072726442658876,0.6427284496669902,1778511.7019820693,3.6083887418417877,7963104.008017937
random_seed_19,14.992470910335387,819.3153746173191,15.947990018900814,17.086137357045104,0.9673882560994467,-37.473347924660686,0.42558220447673606,151.42676328822236,1828.1338892759684,12.072726442658876,0.6564070646243856,1903637.4138268027,3.523226250336579,9193153.746173192
