feature,decile,bps,t,hit_pct,name_days
ret1,1,7.59407702138433,2.9471201659440016,51.79680706173472,41434
ret1,2,11.971459388302955,5.15345669363477,52.20817272557048,42820
ret1,3,11.971551782922322,5.486851292559374,51.914788312399615,42618
ret1,4,11.7223958049699,5.507404023529156,51.33765371516124,42889
ret1,5,10.255214572883695,4.922208265043284,51.3989474621493,43215
ret1,6,7.588092787936682,3.628970456888166,50.229752242467896,42284
ret1,7,8.19072066261033,3.913471165841737,50.04953600941894,42659
ret1,8,4.761447822251145,2.166732818266797,49.01974998892842,42842
ret1,9,6.121727667574122,2.7040945948922097,48.77768972251725,42597
ret1,10,10.412217769493452,4.110350705215264,48.61824559966845,44097
ret5,1,12.139938765734273,4.458784237073996,51.92226699836028,41434
ret5,2,13.016167943349366,5.34447450413247,51.84573881740119,42825
ret5,3,10.480378110337524,4.728352954184788,51.20449066342771,42614
ret5,4,11.11016635927642,5.128374686891074,51.40504356289416,42888
ret5,5,10.138416081382244,4.83310994172994,51.00974638493355,43215
ret5,6,9.939641255540723,4.786979750520734,50.76937297591228,42283
ret5,7,6.998273577172389,3.4311201387186463,50.076434535209636,42662
ret5,8,5.331302886591871,2.4426823398027384,49.3321536688961,42839
ret5,9,5.697756839190885,2.6313019689710555,49.284597219002876,42598
ret5,10,6.008295984391332,2.5064063367964855,48.477125533003814,44097
ret20,1,11.462728615063218,4.153763748591938,51.522361860049635,41434
ret20,2,10.400052471619592,4.293961715661678,51.3731537401864,42823
ret20,3,9.679462524386425,4.301245663392546,50.9772454628021,42614
ret20,4,9.616132024274458,4.467202666673738,51.14475471957298,42887
ret20,5,10.931687965502087,5.196927997217992,51.093815416271724,43219
ret20,6,8.930227466333282,4.238134213477163,50.56161788911627,42282
ret20,7,8.371164484909373,4.008425757108499,50.46022770409924,42661
ret20,8,7.664856448382424,3.7391732523477565,50.0194983074974,42840
ret20,9,8.415290089395041,3.8986039407643513,49.45297263172315,42598
ret20,10,5.377888958893176,2.1987690616870603,48.71019168417474,44097
ret60skip5,1,8.078163535914948,2.9082781323573212,50.083519441471594,41435
ret60skip5,2,8.84361343094028,3.813505978676238,50.47922064538377,42823
ret60skip5,3,8.62927432071434,3.9182418713339926,51.04923219569126,42614
ret60skip5,4,8.329292447195975,3.9541345672610295,50.43771967932068,42888
ret60skip5,5,7.267282352875167,3.4674726243966636,50.10174340869138,43217
ret60skip5,6,8.804912502484664,4.2214651622136,50.4238437739818,42282
ret60skip5,7,9.736798816019295,4.6108755075520005,51.010179550111935,42661
ret60skip5,8,9.415761380292032,4.437719802789514,50.69685311022615,42840
ret60skip5,9,11.163412608046677,5.0167495152096775,50.93026228448632,42598
ret60skip5,10,10.583614511777272,4.203346103612075,50.08177997002628,44097
dist_ma20,1,13.43580684620887,4.847577489392951,51.910390285628914,41434
dist_ma20,2,9.654864150511306,3.9551601855446115,51.56972032348711,42824
dist_ma20,3,10.536367559459004,4.686869911981949,51.47246781937247,42614
dist_ma20,4,9.75662327278664,4.493056822643238,50.85237251519228,42887
dist_ma20,5,11.233500897092073,5.394757414920135,51.08099433377842,43218
dist_ma20,6,9.23797851477152,4.43785647775972,50.857799890166575,42282
dist_ma20,7,8.054080782564187,3.86048994278798,50.285176800445356,42661
dist_ma20,8,7.925187523687669,3.848647441587271,50.05606485084939,42840
dist_ma20,9,5.860106197173184,2.699693536874635,49.02431942206291,42598
dist_ma20,10,5.2252944240207135,2.124243846883573,48.24598165324319,44097
dist_ma50,1,11.251796376640861,3.9305464126952923,51.53974413141263,41434
dist_ma50,2,10.896564165107986,4.554103419004996,51.41978087966355,42824
dist_ma50,3,10.308038472303016,4.537371786159005,51.35220568540597,42614
dist_ma50,4,9.399789914042033,4.438104200528918,50.894779450801664,42887
dist_ma50,5,10.199411701156352,4.9681724265990255,51.03158793833461,43218
dist_ma50,6,9.203914492949199,4.392199198409136,50.52226742298645,42282
dist_ma50,7,8.584318625930932,4.049621443459293,50.42616562431771,42661
dist_ma50,8,7.045318375731027,3.335148469557077,49.912770011469235,42840
dist_ma50,9,7.301355555132693,3.3909702380920765,49.65304923388966,42598
dist_ma50,10,6.733355433436848,2.7314012647154793,48.59358794061458,44097
dist_ma200,1,10.028445689094724,3.4104768463138915,50.725673214146894,41434
dist_ma200,2,7.993241715170902,3.409253198563409,50.9162389727191,42824
dist_ma200,3,7.515358510629348,3.420207579990394,50.526288804170875,42614
dist_ma200,4,9.02329451474818,4.341037110104614,50.63156302274153,42887
dist_ma200,5,7.686796334291475,3.682044871947947,50.579109152194235,43218
dist_ma200,6,8.82209165827539,4.317919096061571,50.573133412264426,42282
dist_ma200,7,7.834854322186774,3.7143685549086163,50.311577218299085,42661
dist_ma200,8,10.693051966147028,4.979042719532171,50.58348993133549,42840
dist_ma200,9,10.35710815849647,4.55746120799884,50.472864611955195,42598
dist_ma200,10,10.720817834643366,4.308967808862566,49.93484863438361,44097
rsi14,1,10.830077053472676,4.324559476064527,51.77875028306145,41434
rsi14,2,11.119850587757144,4.797672365425644,51.505444149659596,42824
rsi14,3,10.732461720083586,4.693795573993343,51.21873107093039,42614
rsi14,4,11.297397007510044,4.9764453026438815,51.56224702980276,42887
rsi14,5,10.784973939431495,4.806397630663553,50.86944253339469,43218
rsi14,6,8.497070769862761,3.8005660349261636,50.37875830651461,42282
rsi14,7,9.16225573130815,4.173558796710375,50.62824533158733,42661
rsi14,8,6.8896279818428665,3.2069712892044766,49.59555012307536,42840
rsi14,9,7.665954712229575,3.5395728657354812,49.54157511724183,42598
rsi14,10,4.027873124486633,1.8483499929646832,48.318469185713184,44097
updays5,1,18.65457267593606,7.521474101723554,52.48564043699996,33608
updays5,2,10.519950198952197,3.5042176180129148,50.98555934432124,40753
updays5,3,10.957579386541411,3.312729046037908,50.9347443508365,44931
updays5,4,13.970936295274827,3.5587478498100187,52.03114888377208,46787
updays5,5,5.024952745909981,1.223541733459626,49.631979845151406,45667
updays5,6,11.704089223079968,3.264927612091558,51.191290213552264,46857
updays5,7,4.0215283119300445,1.1372519484712567,49.35353723433748,46360
updays5,8,4.802721622996678,1.279250344168794,49.89275249209918,44141
updays5,9,5.325592085067963,1.8867145071722808,49.158928869955645,43014
updays5,10,5.908852197864022,2.4977930642467814,48.539401295898266,35337
high_prox,1,13.159107084854664,4.543892678175552,51.60787545719116,41434
high_prox,2,11.647562297127028,4.545613368915463,51.45171657325424,42824
high_prox,3,9.668083059041848,4.060106569692981,51.042229636102576,42614
high_prox,4,9.39299186710964,4.1284210018923115,50.991960394390425,42887
high_prox,5,8.933005266295657,4.085666293559227,50.86366300018239,43218
high_prox,6,9.003623143438698,4.2414891159940815,50.467729210462075,42282
high_prox,7,7.137512522284881,3.478375253887857,50.15291274852437,42661
high_prox,8,8.634774963570392,4.336159056615129,50.09865685893898,42840
high_prox,9,8.393551235436325,4.223224946249235,50.23690912925424,42597
high_prox,10,5.090704407686216,2.6006212421369006,48.45867980961639,44098
low_prox,1,9.492198562167857,4.566435458202012,51.991457217939875,41434
low_prox,2,9.871769750559292,4.6195348869244635,51.504052390296195,42824
low_prox,3,10.089957754933632,4.7768723486334155,51.130801542917325,42614
low_prox,4,10.517088048014054,4.832163690254059,51.067159800104776,42887
low_prox,5,10.400953874480951,4.7377599645852175,50.89596783070812,43218
low_prox,6,10.481742211874508,4.833006323339582,50.517826338612416,42282
low_prox,7,8.456110864875745,3.8275782729999874,50.33026975597706,42661
low_prox,8,7.07036185260098,3.0929526844688304,49.72699136312494,42840
low_prox,9,8.211565846791107,3.52401793107576,49.48134957386312,42598
low_prox,10,6.146093008589994,2.303410653425444,48.69821427125572,44097
clv,1,9.17714112656208,4.168658373340262,51.776714764134944,41403
clv,2,10.4418316551135,4.724982129299966,51.739173862808606,42821
clv,3,9.935941754095506,4.435608579051993,51.36146019305215,42598
clv,4,12.478403884465367,5.503384884132228,51.56278807718676,42876
clv,5,11.39137927857805,5.132920468265994,51.194367792556605,43208
clv,6,10.606708879099084,4.736164140518031,50.540603193316116,42267
clv,7,9.713988314821297,4.387771952807963,50.52952788978452,42650
clv,8,9.183567114828843,4.102488328924418,49.724047144734335,42827
clv,9,5.118427848669509,2.347573503195617,48.94670888204265,42595
clv,10,3.0961385589568624,1.451062712570125,47.98499142995611,44067
vol_ratio,1,9.716717825943114,4.892926615179644,50.369339302110774,41434
vol_ratio,2,9.090340342166314,4.2874750131989705,50.38516296321539,42824
vol_ratio,3,8.315059210941751,3.837914393399136,50.55910400319752,42614
vol_ratio,4,8.683918461948428,3.866953049398895,50.70130601370902,42887
vol_ratio,5,9.986013892031387,4.427855631700381,50.88302448283625,43218
vol_ratio,6,8.78657957384428,3.9694016965818038,50.58752104337937,42282
vol_ratio,7,8.745379383070418,3.908371594298546,50.75293105873698,42661
vol_ratio,8,9.098939232824083,3.992594774553511,50.82752450170941,42840
vol_ratio,9,7.630464728671478,3.3635531577753346,50.26142208294716,42598
vol_ratio,10,10.613614666826328,4.548242714764717,49.91777665797622,44097
turnover,1,11.78353590402903,6.30305191268296,49.6364897654095,41434
turnover,2,13.336468543104044,6.606901838095691,50.589416794863176,42824
turnover,3,11.032311573141708,5.18174424414104,50.703332050121766,42614
turnover,4,10.114048794921915,4.618501061710013,50.62852842957361,42887
turnover,5,8.19146563913377,3.603920144428393,50.07097425189524,43218
turnover,6,8.993938709223729,3.8517653928578355,51.006580847481096,42282
turnover,7,7.030756195478602,3.0322704966655873,50.737635945965145,42661
turnover,8,7.442765636364557,3.195448191765575,50.76759542392571,42840
turnover,9,7.049738009809482,3.0305322680715925,50.78082761188981,42598
turnover,10,5.971571525800506,2.481964436834428,50.31613984621093,44097
atr_pct,1,6.744612534299498,4.534302762146888,50.68847344816365,41434
atr_pct,2,7.289106969348677,4.349101870493747,51.12876811586465,42824
atr_pct,3,6.468009586207365,3.583386558163773,50.389735530753654,42614
atr_pct,4,8.470714417913475,4.31748914990147,50.69128409441576,42887
atr_pct,5,7.901166559733537,3.7969258653680953,50.56694966839981,43218
atr_pct,6,9.61375167593053,4.355891916878892,50.418221516220406,42282
atr_pct,7,9.713748325491549,4.075211663697808,50.69799462209751,42661
atr_pct,8,10.11134658603131,3.9561214612789817,50.34327939692373,42840
atr_pct,9,10.15762870028033,3.6783091069895164,50.07014126335994,42598
atr_pct,10,14.07346443895108,4.309649994039196,50.26885871889497,44097
tr_ratio,1,8.616714512620877,4.1309496892062105,50.13445035074674,41434
tr_ratio,2,8.194169524532455,3.769572509291407,50.57179491920816,42824
tr_ratio,3,9.269311181714052,4.279076480822495,50.72864242165135,42614
tr_ratio,4,9.872548790924691,4.47751002151921,50.80898905550647,42887
tr_ratio,5,10.791345415938244,4.850642830872455,50.91402841372409,43218
tr_ratio,6,10.222408222011232,4.672795222835562,50.996796243147266,42282
tr_ratio,7,9.450575615179757,4.269800245792099,50.5780682153953,42661
tr_ratio,8,8.904469545825199,3.9797371248662854,50.201019024886726,42840
tr_ratio,9,8.848232757492736,3.829246047539974,50.74688027926707,42598
tr_ratio,10,6.5625911372800445,2.7217663716340015,49.587760495271496,44097
gap_today,1,5.20529003225567,2.2898875888292785,50.02258573842029,41372
gap_today,2,6.898055558775541,3.1724667279488585,50.328818713858624,42705
gap_today,3,9.303812628094404,4.369847458157286,51.03454093379859,42860
gap_today,4,8.033509068481555,3.83488498329484,50.39891796842415,42889
gap_today,5,8.417709004415817,3.8809981462357257,50.67336125112729,43239
gap_today,6,9.266718684878322,4.243891475154583,50.68201046597204,42171
gap_today,7,9.817070663064142,4.463728908773797,50.430024704755496,42699
gap_today,8,10.308873265454782,4.496366560452427,50.8577586600544,42855
gap_today,9,11.267729979318853,4.906345261335926,50.62506951540716,42579
gap_today,10,11.94044520627169,4.966021677586675,50.21311519438672,44086
